{"count":12,"results":[{"id":2,"challenge_id":1,"topic_id":2},{"id":3,"challenge_id":25,"topic_id":3},{"id":4,"challenge_id":26,"topic_id":3},{"id":5,"challenge_id":27,"topic_id":3},{"id":6,"challenge_id":19,"topic_id":4},{"id":7,"challenge_id":13,"topic_id":5},{"id":8,"challenge_id":11,"topic_id":6},{"id":9,"challenge_id":12,"topic_id":6},{"id":10,"challenge_id":17,"topic_id":7},{"id":11,"challenge_id":18,"topic_id":8},{"id":12,"challenge_id":21,"topic_id":9},{"id":13,"challenge_id":22,"topic_id":9}],"meta":{}}