{"count":23,"results":[{"id":1,"name":"simple practice challenge","description":"What is pi?\r\nPlease answer with 5 places past the decimal.","max_attempts":5,"value":5,"category":"practice","type":"standard","state":"visible","requirements":null,"connection_info":null,"next_id":null},{"id":2,"name":"simple linux cat challenge","description":"Extract the flag from the file:  kermit.txt\r\nby downloading and using the simple linux command:  $ cat kermit.txt","max_attempts":0,"value":5,"category":"simple linux challenge","type":"standard","state":"visible","requirements":null,"connection_info":null,"next_id":null},{"id":3,"name":"ASC II character challenge","description":"Decipher the message: a list is given in ASC II character values (numbers).\r\nConvert this list back to normal text, to find the flag.\r\n\r\n[83, 101, 97, 110, 32, 116, 104, 101, 32, 98, 108, 97, 99, 107, 32, 99, 97, 116]","max_attempts":0,"value":5,"category":"ASC II characters","type":"standard","state":"visible","requirements":null,"connection_info":"https://www.rapidtables.com/convert/number/ascii-hex-bin-dec-converter.html","next_id":null},{"id":4,"name":"easy RSA","description":"For an RSA key intialization (in a small case), suppose:\r\nn = 17 * 7\r\nIf one \"key\" is:  e = 23: pulic key: (n, 23)\r\nwhat is the other \"key\"; i.e., find \"d\"\r\nPlease answer with the smallest postive integer solution.","max_attempts":0,"value":10,"category":"RSA - encryption","type":"standard","state":"visible","requirements":null,"connection_info":"https://en.wikipedia.org/wiki/RSA_(cryptosystem)","next_id":null},{"id":5,"name":"Rot17 - encryption","description":"Decipher the following text using a Rot17 cipher.\r\n(This is a Caesar cipher, rotating character 17 character positions (mod 26), forwared.)\r\ntext:\r\nBcnern Wrltb","max_attempts":0,"value":10,"category":"Caesar cipher","type":"standard","state":"visible","requirements":null,"connection_info":"https://rot13.com/","next_id":null},{"id":7,"name":"C programming challenge","description":"Compile and execute the C file to find the real flag.","max_attempts":0,"value":15,"category":"C language","type":"standard","state":"visible","requirements":null,"connection_info":null,"next_id":null},{"id":8,"name":"hard RSA","description":"Suppose p = 1000003 and q = 1000037.\r\nIt is known these are both primes. the smallest primes larger\r\nthan 1 million.\r\n\r\nThen n = p*q = 1000040000111.\r\n\r\nCreate m = (p-1) * (q-1) = 1000038000072.\r\n\r\nLet e = 10,007.  It is known that e is prime.\r\n\r\nLet (n, e) be the public key of an RSA encryption\r\nscheme with these primes.\r\n\r\nCompute d, where (n, d) is the private key.\r\n\r\nThe flag will be the smallest valid positive integer d.\r\n\r\nThe hint will cost 5 points.\r\n","max_attempts":0,"value":20,"category":"RSA - encryption","type":"standard","state":"visible","requirements":null,"connection_info":"","next_id":null},{"id":9,"name":"medium RSA","description":"Let n = 7 * 37 = 259 be the basis for a simple RSA\r\nencryption scheme.  (7 and 37 are known primes.)\r\n\r\nSet  e = 59.  e is a prime, and let (n, e) be the public\r\nkey.\r\n\r\nSuppose there is a message, encoded in a string, and each character \r\nof the string is converted to its ASC II value, and these are stored, in order, in an array.\r\n\r\nThen, this array is encrypted (by index item) with the public key above,\r\nand the encrypted resutls (numbers) are stored in an array.\r\n\r\nThis has been done for the given text file; the text file contains\r\n1 array of encrypted ASC II values.\r\n\r\nFind the private key, and decrypt the array.\r\n\r\nSubmit your flag as a string.","max_attempts":0,"value":15,"category":"RSA - encryption","type":"standard","state":"visible","requirements":null,"connection_info":"https://en.wikipedia.org/wiki/RSA_(cryptosystem)","next_id":null},{"id":11,"name":"medium Diffie-Hellman","description":"Let's take p =10,007 which is a known prime.\r\nIt is also known that g = 5 is a primitive root of p.\r\nThis means the smallest power for n for which g^n = 1 (mod p)\r\nis 10,006.  Alice and Bob want to set up a DH public key\r\nexchange.  They both know p and g.\r\nAlice chooses her secret integer (exponent) a = 17.\r\nBob chosses his secret integer (exponent) b = 71.\r\nWhat is the secret key?\r\n\r\nThis should be a postive integer smaller than p.","max_attempts":0,"value":15,"category":"DH - encryption","type":"standard","state":"visible","requirements":null,"connection_info":"https://en.wikipedia.org/wiki/Diffie%E2%80%93Hellman_key_exchange","next_id":null},{"id":12,"name":"medium Diffie-Hellman #2","description":"Please see the link for Diffie-Hellman encryption on Wikipedia.\r\n\r\nLet p = 191, a known prime.\r\n\r\nCompute the smallest primitive root of p.\r\nName your answer g, and submit the flag:\r\n\r\nejmCTF{g}","max_attempts":0,"value":15,"category":"DH - encryption","type":"standard","state":"visible","requirements":null,"connection_info":"https://en.wikipedia.org/wiki/Diffie%E2%80%93Hellman_key_exchange","next_id":null},{"id":13,"name":"real website flags #1","description":"Visit the website below and uncover the (obious) real flag.\r\n\r\nNote:  This is a real website, hosted commercially.  \r\n\r\nPlease don't hack it, other than inspecting one or more things.","max_attempts":0,"value":5,"category":"real websites","type":"standard","state":"visible","requirements":null,"connection_info":"https://markmckee.info","next_id":null},{"id":14,"name":"real website flags #2","description":"Visit the website below and uncover the first hidden flag.\r\n\r\nNote:  This is a real website, hosted commercially.  \r\n\r\nPlease don't hack it, other than inspecting one or more things.","max_attempts":0,"value":10,"category":"real websites","type":"standard","state":"visible","requirements":null,"connection_info":"https://markmckee.info","next_id":null},{"id":15,"name":"real website flags #3","description":"Visit the website:  https://markmckee.info  \r\n\r\nand uncover the second fake flag.\r\n\r\nNote:  This is a real website, hosted by GoDaddy.  \r\n\r\nPlease don't hack it, other than inspecting one or more things.","max_attempts":0,"value":15,"category":"real websites","type":"standard","state":"visible","requirements":null,"connection_info":"https://markmckee.info","next_id":null},{"id":16,"name":"real website flags #4","description":"Visit the website:  https://markmckee.info  \r\n\r\nand uncover the second fake flag.\r\n\r\nNote:  This is a real website, hosted by GoDaddy.  \r\n\r\nPlease don't hack it, other than inspecting one or more things.","max_attempts":0,"value":17,"category":"real websites","type":"standard","state":"visible","requirements":null,"connection_info":"https://markmckee.info","next_id":null},{"id":17,"name":"HOTP - HMAC value","description":"Use the method from class to compute an HOTP value, \r\nusing the SHA1 HMAC,\r\n\r\nwith the key:\r\n\r\nK =  0x123456789abcdef0123456789abcdef0 \r\n\r\nand the Code (or counter):\r\n\r\nC = 2023","max_attempts":0,"value":15,"category":"HOTP computation","type":"standard","state":"visible","requirements":null,"connection_info":"https://www.freeformatter.com/hmac-generator.html#before-output","next_id":null},{"id":18,"name":"HOTP - HMAC value #2","description":"Use the method from class to compute an HOTP value, \r\nusing the SHA1 HMAC,\r\n\r\nwith the key:\r\n\r\nK =  0x123456789abcdef0123456789abcdef0 \r\n\r\nand the Code (or counter):\r\n\r\nC = 2024","max_attempts":0,"value":15,"category":"HOTP computation","type":"standard","state":"visible","requirements":null,"connection_info":"https://www.freeformatter.com/hmac-generator.html#before-output","next_id":null},{"id":19,"name":"SQL Query","description":"From the first example from the class lecture, write a SQL\r\n\r\nquery that determines the total number of Customers from either\r\n\r\nthe Unites States or Mexico.\r\n\r\n(See the provided link.)","max_attempts":0,"value":10,"category":"SQL queries","type":"standard","state":"visible","requirements":null,"connection_info":"https://www.w3schools.com/sql/trysql.asp?filename=trysql_comment_single_2","next_id":null},{"id":21,"name":"Prime Number Theorem","description":"Prime numbers are a foundation for the RSA method.  The RSA method depends heavily\r\non finding primes consisting of  hundreds or thousandsof digits in them.  Finding really\r\nlarge primes is not easy.  It is known that there are an infinite number of primes.  There is\r\nno easy formula for computing the nth prime, and the distribution of primes is not known\r\nexactly.  In general, the number of primes \"around\" x, for a large real number x, gets smaller\r\nas x increases.  As an asymptotic (as x goes to infinity), how many primes are there less than or\r\nequal to x?\r\n\r\nA:  x^(1/2)    \r\n\r\nB: x^(1/4)   \r\n\r\nC: x/ln(x)  \r\n\r\nD:  x^{1/2}/ln(x)  \r\n\r\nE:  x/(ln(x)^2) ","max_attempts":0,"value":40,"category":"primes","type":"dynamic","state":"visible","requirements":null,"connection_info":null,"next_id":null},{"id":22,"name":"Prime distributions","description":"As mentioned earlier, being able to compute very large primes is essential\r\nto the RSA method.  However, their distribution \"thins out\" as they\r\nget bigger.  (This is just a general statemnt, but can be quantified.)\r\n\r\nRecall the harmonic series from Calculus: the series (sum) from n=1 to\r\ninfinity of 1/n diverges.\r\n\r\nWhat is an asymptotic (as x goes to infinity) of the sum over **primes** p with\r\n2 <= p <= x  of i/p?\r\n\r\nA:  ln(x)^(1/2)   \r\n\r\nB: ln(x)^(1/4)  \r\n\r\nC: ln(ln(x))  \r\n\r\nD:  ln(ln(x))^(1/2)","max_attempts":0,"value":100,"category":"primes","type":"dynamic","state":"visible","requirements":null,"connection_info":null,"next_id":null},{"id":24,"name":"Twin primes","description":"As mentioned earlier, prime numbers \"thin out\" as they get larger.\r\nIt was proved in the last 12 years that there are an infinite number of \r\nconsecutive primes that are within a fixed distance.  More specifically, if p_n\r\nis the nth prime, there are an infnite number of n so that p_{n+1} - p_n <= M\r\nfor some bound M.  Recently James Maynard received a Fields Medal for related\r\nwork.  (The smallest M is not known.)\r\n\r\nBy definition p_n and p_{n+1} are twin primes if p_{n+1} - p_n = 2.\r\n\r\nFrom a previous problem, we know the inverse sum of primes, the sum of\r\n1/p for 2 <= p <= x diverges as x goes to infnity.\r\n\r\nDoes this sum converge or diverge as x goes to infinity, if we only sum over twin primes?\r\n","max_attempts":0,"value":200,"category":"primes","type":"dynamic","state":"visible","requirements":null,"connection_info":null,"next_id":null},{"id":25,"name":"Wi-Fi protocols/specifications","description":"From the following Wi_fi security protocols, which one of them protects against an ARP spoofing/poisoning?\r\n\r\nWEP\r\n\r\nWPA\r\n\r\nWPA2\r\n\r\nWPA3\r\n\r\nsubmit your flag as ejmCTF{W***}","max_attempts":0,"value":10,"category":"Wi-Fi protocols/specifications","type":"standard","state":"visible","requirements":null,"connection_info":null,"next_id":null},{"id":26,"name":"Wi-Fi protocols/specifications #2","description":"What specific IEEE 802.11 protocol/specification better supports low power decices?\r\n\r\nSee the hint for specifics.","max_attempts":0,"value":10,"category":"Wi-Fi protocols/specifications","type":"standard","state":"visible","requirements":null,"connection_info":null,"next_id":null},{"id":27,"name":"Wi-Fi protocols/specifications #3","description":"What specific IEEE 802.11 protocol/specification did the Wi-Fi alliance make mandatory certification with the release of the WPA2 protocol/specification?\r\n\r\nSee the hint for specifics.","max_attempts":0,"value":10,"category":"Wi-Fi protocols/specifications","type":"standard","state":"visible","requirements":null,"connection_info":null,"next_id":null}],"meta":{}}