{"count":8,"results":[{"id":2,"type":"challenge","location":"0f3b7ceb880dbddc28e58b6e5901c503/kermit.txt","challenge_id":2,"page_id":null,"sha1sum":"b6bbe1abe07282306e366b124cc8c05c3dc46d93"},{"id":3,"type":"challenge","location":"d0faa8f2e46f878bb3e406c303fd16c8/flags.c","challenge_id":7,"page_id":null,"sha1sum":"5f598363a9836e1aac8dc45c46ee7beb11fe62b4"},{"id":4,"type":"challenge","location":"f1878e5ae0a95a76554ffed8fafacd11/encrypted.array.txt","challenge_id":9,"page_id":null,"sha1sum":"85c52c58dfad0e24c347c3dc8872a6ce58ba50ea"},{"id":5,"type":"challenge","location":"1e220a9afe684dcb1630ca7c6a0ab906/HOTP.HMAC.computation.pdf","challenge_id":18,"page_id":null,"sha1sum":"e1cad8450d64fb4cfa96e5b87be665ff01ade412"},{"id":6,"type":"challenge","location":"02aee2b03f5d7c95de3484f24ac6188d/HOTP.HMAC.computation.pdf","challenge_id":17,"page_id":null,"sha1sum":"e1cad8450d64fb4cfa96e5b87be665ff01ade412"},{"id":7,"type":"challenge","location":"0fcd3e488c7db577b10b38738a098b5d/primes.pdf","challenge_id":21,"page_id":null,"sha1sum":"051ddb68506394fb7d86a99b2a5a7141ffe9a037"},{"id":8,"type":"challenge","location":"6388276ef9a7c35cc7d6edb5818864cb/primes.pdf","challenge_id":22,"page_id":null,"sha1sum":"051ddb68506394fb7d86a99b2a5a7141ffe9a037"},{"id":9,"type":"challenge","location":"329eac7fdd9a10bfab408b7f73ba0fbc/primes.pdf","challenge_id":24,"page_id":null,"sha1sum":"051ddb68506394fb7d86a99b2a5a7141ffe9a037"}],"meta":{}}