{"count":23,"results":[{"id":4,"challenge_id":4,"type":"static","content":"ejmCTF{71}","data":""},{"id":5,"challenge_id":5,"type":"static","content":"ejmCTF{Stevie Nicks}","data":""},{"id":6,"challenge_id":1,"type":"static","content":"ejmCTF{3.14159}","data":""},{"id":7,"challenge_id":2,"type":"static","content":"ejmCTF{KermitTheFrog}","data":""},{"id":8,"challenge_id":3,"type":"static","content":"ejmCTF{Sean the black cat}","data":""},{"id":9,"challenge_id":7,"type":"static","content":"ejmCTF{real_flag}","data":""},{"id":10,"challenge_id":8,"type":"static","content":"ejmCTF(473986233071)","data":""},{"id":11,"challenge_id":9,"type":"static","content":"ejmCTF{Sean the Abyssinian cat}","data":""},{"id":12,"challenge_id":11,"type":"static","content":"ejmCTF{9710}","data":""},{"id":13,"challenge_id":12,"type":"static","content":"ejmCTF{19}","data":""},{"id":14,"challenge_id":13,"type":"static","content":"ejmCTF{real_flag_17}","data":""},{"id":15,"challenge_id":14,"type":"static","content":"ejmCTF{hidden_flag_29}","data":""},{"id":16,"challenge_id":15,"type":"static","content":"ejmCTF{hidden_flag_eulerr1}","data":""},{"id":17,"challenge_id":16,"type":"static","content":"ejmCTF{hidden_flag_newton2}","data":""},{"id":18,"challenge_id":17,"type":"static","content":"ejmCTF(438507)","data":""},{"id":19,"challenge_id":18,"type":"static","content":"ejmCTF{759120}","data":""},{"id":20,"challenge_id":19,"type":"static","content":"ejmCTF{18}","data":""},{"id":21,"challenge_id":21,"type":"static","content":"ejmCTF{C}","data":""},{"id":22,"challenge_id":22,"type":"static","content":"ejmCTF(C)","data":""},{"id":23,"challenge_id":24,"type":"static","content":"ejmCTF{converge}","data":""},{"id":24,"challenge_id":25,"type":"static","content":"ejmCTF{WPA3}","data":""},{"id":25,"challenge_id":26,"type":"static","content":"ejmCTF{802.11ax}","data":""},{"id":26,"challenge_id":27,"type":"static","content":"ejmCTF{802.11i}","data":""}],"meta":{}}