{"count":17,"results":[{"id":2,"type":"standard","challenge_id":1,"content":"Pi\nis the ratio of a circle's circumference to its diameter.\nThis is around 22/7.","cost":0,"requirements":{"prerequisites":[]}},{"id":3,"type":"standard","challenge_id":2,"content":"read the text file using the simple linux command line command:  $  cat \"filename\"","cost":0,"requirements":{"prerequisites":[]}},{"id":5,"type":"standard","challenge_id":4,"content":"In using RSA, take n = p * q (both primes) and compute m = (p-1)*(q-1).  \n\nOne \"key\" is then \"e\" where e is a positive integer with 1 <= e < m  but also e and m do not have any common factors.\n\nIf \"e\" is given, the other \"key\" is \"d\" where d is a positive integer and:\ne * d = 1 (mod m).","cost":1,"requirements":{"prerequisites":[]}},{"id":6,"type":"standard","challenge_id":5,"content":"You can follow the link to a Rot - decipher page, or work out by hand.","cost":1,"requirements":{"prerequisites":[]}},{"id":9,"type":"standard","challenge_id":9,"content":"Review the easy RSA challenge.","cost":0,"requirements":{"prerequisites":[]}},{"id":11,"type":"standard","challenge_id":14,"content":"Please don't hack this real website.\n\nMyabe inspect the html file itself?","cost":3,"requirements":{"prerequisites":[]}},{"id":12,"type":"standard","challenge_id":15,"content":"Please don't hack this real website.\n\nMyabe inspect either the CSS or JavaScript\nfiles?","cost":5,"requirements":{"prerequisites":[]}},{"id":13,"type":"standard","challenge_id":16,"content":"Please don't hack this real website.\n\nMyabe inspect either the CSS or JavaScript\nfiles?","cost":5,"requirements":{"prerequisites":[]}},{"id":14,"type":"standard","challenge_id":17,"content":"Use the method from the CS 4460 class lectures.\n\nThe free HOTP computation website is linked.","cost":1,"requirements":{"prerequisites":[]}},{"id":15,"type":"standard","challenge_id":18,"content":"Use the method from the CS 4460 class lectures.\n\nThe free HOTP computation website is linked.","cost":1,"requirements":{"prerequisites":[]}},{"id":16,"type":"standard","challenge_id":21,"content":"Search the internet for the Prime Number Theorem.\nSubmit your flag as:\n\nejmCTF{Z}, \n\nwhere Z is one of the letter multiple choice options.\n\nSee the associated pdf file.","cost":1,"requirements":{"prerequisites":[]}},{"id":17,"type":"standard","challenge_id":24,"content":"submit your flag as ejmCTF{string}\n\nwhere either string = converge or\n\nstring = diverge\n\nSee the associated pdf file.","cost":1,"requirements":{"prerequisites":[]}},{"id":18,"type":"standard","challenge_id":26,"content":"This particular protocol/specification came out in 2021.  \n\nPlease submit your flag as\n\nejmCTF{802.11**}\n\nwith specific **","cost":1,"requirements":{"prerequisites":[]}},{"id":19,"type":"standard","challenge_id":27,"content":"Please submit your flag as\n\nejmCTF{802.11**}\n\nwith specific **  (or just *)","cost":1,"requirements":{"prerequisites":[]}},{"id":20,"type":"standard","challenge_id":8,"content":"For an online automatic computation, see:\n\nhttps://calculator-online.net/inverse-modulo-calculator/","cost":5,"requirements":{"prerequisites":[]}},{"id":21,"type":"standard","challenge_id":19,"content":"Use a SQL query from the Customers table specifying both countries with an OR operator.","cost":1,"requirements":{"prerequisites":[]}},{"id":22,"type":"standard","challenge_id":22,"content":"Submit your flag as ejmCTF{Z} where Z is one of the letter multiple choices.\n\nSee the corresponding pdf file.","cost":1,"requirements":{"prerequisites":[]}}],"meta":{}}