{"count":5,"results":[{"id":1,"name":"practice","description":"what is pie?\r\nplease answer with 5 places past the decimal.","max_attempts":5,"value":5,"category":"practice","type":"standard","state":"visible","requirements":null,"connection_info":null,"next_id":null},{"id":2,"name":"simple cat","description":"Extract the flag from the file:  kermit.txt\r\nby downloading and using the simple linux command:  $ cat kermit.txt","max_attempts":0,"value":5,"category":"simple linux","type":"standard","state":"visible","requirements":null,"connection_info":null,"next_id":null},{"id":3,"name":"ASC character challenge","description":"Decipher the message: a list is given in ASC II character values (numbers).\r\nConvert this list back to normal text, to find the flag.\r\n\r\n[83, 101, 97, 110, 32, 116, 104, 101, 32, 98, 108, 97, 99, 107, 32, 99, 97, 116]","max_attempts":0,"value":5,"category":"ASC characters","type":"standard","state":"visible","requirements":null,"connection_info":null,"next_id":null},{"id":4,"name":"easy RSA","description":"For an RSA key intialization (in a small case), suppose:\r\nn = 17 * 7\r\nIf one \"key\" is:  e = 23\r\nwhat is the other \"key\"; i.e., find \"d\"\r\nPlease answer with the smallest postive integer solution.","max_attempts":0,"value":10,"category":"RSA - encryption","type":"standard","state":"visible","requirements":null,"connection_info":null,"next_id":null},{"id":5,"name":"Rot17 - encryption","description":"Decipher the following text using a Rot17 cipher.\r\n(This is a Caesar cipher, rotating character positions 17 (mod 26))\r\ntext:\r\nBcnern Wrltb","max_attempts":0,"value":10,"category":"Caesar cipher","type":"standard","state":"visible","requirements":null,"connection_info":"https://rot13.com/","next_id":null}],"meta":{}}