{"count":5,"results":[{"id":2,"type":"standard","challenge_id":1,"content":"Pi\nis the ratio of a circle's circumference to its diameter.\nThis is around 22/7.","cost":0,"requirements":{"prerequisites":[]}},{"id":3,"type":"standard","challenge_id":2,"content":"read the text file using the simple linux command line command:  $  cat \"filename\"","cost":0,"requirements":{"prerequisites":[]}},{"id":4,"type":"standard","challenge_id":3,"content":"ASC II numerical values in a list are given.\nConvert backwards to find the plain text flag.","cost":0,"requirements":{"prerequisites":[]}},{"id":5,"type":"standard","challenge_id":4,"content":"In using RSA, take n = p * q (both primes) and compute m = (p-1)(q-1).  \nOne \"key\" is then \"e\" where e is a positive integer with 1 <= e < m  but also e and m do not have any common factors.\nIf \"e\" is given, the other \"key\" is \"d\" where d is a positive integer and:\ne * d = 1 (mod m).","cost":0,"requirements":{"prerequisites":[]}},{"id":6,"type":"standard","challenge_id":5,"content":"You can follow the link to a Rot - decipher page, or work out by hand.","cost":0,"requirements":{"prerequisites":[]}}],"meta":{}}