{"count":3,"results":[{"id":1,"oauth_id":null,"name":"mark.mckee.1729","password":"$bcrypt-sha256$v=2,t=2b,r=12$K4EdEebpoR4qaxNmr5hY7e$WLydUGZVE1X9vC.ygMwvdIj2ExSphpi","email":"A02299318@usu.edu","type":"admin","secret":null,"website":null,"affiliation":null,"country":null,"hidden":0,"banned":0,"verified":1,"team_id":null,"created":"2024-03-09T08:52:05.727108","language":"en","bracket_id":null},{"id":2,"oauth_id":null,"name":"EHauptman","password":"$bcrypt-sha256$v=2,t=2b,r=12$24UGDttRMBDFdj4dTSpBvu$vnbjmDMcshTBlzdZeMHVynLerqd03Ni","email":"A02391616@usu.edu","type":"admin","secret":null,"website":null,"affiliation":null,"country":null,"hidden":0,"banned":0,"verified":1,"team_id":null,"created":"2024-03-23T17:52:52.664322","language":null,"bracket_id":null},{"id":3,"oauth_id":null,"name":"jacobmacinnes","password":"$bcrypt-sha256$v=2,t=2b,r=12$PhQxuIvayIgHg9mNZKVWT.$4r373qvCKrMVYKeAn.7srqSE8.Jdt.G","email":"jacob.macinnes@gmail.com","type":"admin","secret":null,"website":null,"affiliation":null,"country":null,"hidden":1,"banned":0,"verified":1,"team_id":null,"created":"2024-03-23T17:55:51.701017","language":null,"bracket_id":null}],"meta":{}}